method,split,seed,mean_success,ci95_success,mean_valid_invariance_retention,ci95_valid_invariance_retention,mean_invalid_invariance_rejection,ci95_invalid_invariance_rejection,mean_task_equivalence_f1,ci95_task_equivalence_f1,mean_false_invariance_acceptance,ci95_false_invariance_acceptance,mean_contact_violation,ci95_contact_violation,mean_unsafe_action,ci95_unsafe_action,mean_calibration_ece,ci95_calibration_ece,mean_intervention_cost,ci95_intervention_cost,mean_data_efficiency_proxy,ci95_data_efficiency_proxy,groups,regret_to_oracle
aggressive_augmentation_policy,combined_invariance_stress,0,0.548,0.0242,0.5503,0.0202,0.2425,0.0166,0.3286,0.0129,0.2088,0.0326,0.1177,0.0202,0.1218,0.0224,0.1514,0.0186,0.1724,0.014,0.484,0.0196,35,0.2456
aggressive_augmentation_policy,combined_invariance_stress,1,0.5531,0.0251,0.5401,0.0185,0.2422,0.0141,0.3221,0.0173,0.2184,0.0364,0.1116,0.018,0.1197,0.0231,0.1473,0.0181,0.1816,0.0127,0.4833,0.0169,35,0.2412
aggressive_augmentation_policy,combined_invariance_stress,2,0.5578,0.0215,0.5561,0.019,0.2408,0.0189,0.3197,0.0169,0.198,0.0341,0.1007,0.0164,0.132,0.0237,0.1568,0.0185,0.1707,0.0127,0.5,0.0189,35,0.2316
aggressive_augmentation_policy,combined_invariance_stress,3,0.5405,0.0209,0.5218,0.018,0.2293,0.0128,0.3017,0.0176,0.218,0.034,0.115,0.0226,0.131,0.0234,0.1622,0.0207,0.167,0.0127,0.4878,0.0148,35,0.2602
aggressive_augmentation_policy,combined_invariance_stress,4,0.5527,0.0236,0.5456,0.0168,0.2299,0.0176,0.3071,0.0187,0.2133,0.0336,0.1088,0.0167,0.1163,0.02,0.1425,0.0164,0.1935,0.012,0.4952,0.0171,35,0.2221
aggressive_augmentation_policy,combined_invariance_stress,5,0.5541,0.027,0.5446,0.0169,0.2194,0.0184,0.3272,0.0178,0.1997,0.0354,0.1167,0.0164,0.1255,0.021,0.1612,0.0177,0.1728,0.0137,0.4908,0.0154,35,0.2327
aggressive_augmentation_policy,combined_invariance_stress,6,0.5741,0.0221,0.5303,0.019,0.2269,0.0176,0.3177,0.0136,0.2238,0.0349,0.1085,0.0187,0.1276,0.0224,0.1541,0.0153,0.1765,0.0128,0.4993,0.0191,35,0.2092
aggressive_augmentation_policy,invalid_physical_shift,0,0.5636,0.0277,0.5463,0.0203,0.2381,0.0168,0.3259,0.0137,0.2136,0.0375,0.1092,0.0166,0.1173,0.0198,0.1391,0.0188,0.1537,0.0134,0.5078,0.0207,35,0.2422
aggressive_augmentation_policy,invalid_physical_shift,1,0.6024,0.0227,0.5565,0.0222,0.2384,0.0165,0.3269,0.0183,0.219,0.0339,0.1082,0.0158,0.1105,0.0183,0.1439,0.0207,0.1616,0.0138,0.498,0.0142,35,0.2143
aggressive_augmentation_policy,invalid_physical_shift,2,0.5731,0.0278,0.5446,0.0188,0.2316,0.0152,0.3316,0.0174,0.218,0.0368,0.1041,0.02,0.1228,0.0234,0.1435,0.0176,0.1633,0.0155,0.4983,0.018,35,0.2299
aggressive_augmentation_policy,invalid_physical_shift,3,0.5612,0.0207,0.5446,0.0191,0.2333,0.0166,0.3238,0.0144,0.216,0.0358,0.1122,0.02,0.1299,0.0221,0.1401,0.0197,0.1622,0.0142,0.4898,0.017,35,0.2469
aggressive_augmentation_policy,invalid_physical_shift,4,0.5721,0.0267,0.5507,0.0178,0.2364,0.0189,0.3293,0.0198,0.2075,0.0317,0.1044,0.0183,0.1221,0.0204,0.151,0.0191,0.1599,0.0124,0.5109,0.0195,35,0.2527
aggressive_augmentation_policy,invalid_physical_shift,5,0.5844,0.0241,0.5405,0.0208,0.2435,0.016,0.3333,0.0201,0.2095,0.0359,0.1146,0.0192,0.1218,0.0203,0.1446,0.0205,0.1673,0.0137,0.5048,0.0166,35,0.2143
aggressive_augmentation_policy,invalid_physical_shift,6,0.5701,0.0221,0.5524,0.0159,0.2378,0.017,0.3483,0.0193,0.2088,0.0337,0.1112,0.0201,0.1156,0.0226,0.1401,0.0171,0.1571,0.0131,0.4861,0.019,35,0.2357
aggressive_augmentation_policy,nominal,0,0.6381,0.0203,0.5517,0.0168,0.234,0.0149,0.3704,0.0162,0.1415,0.0227,0.0915,0.0117,0.0782,0.014,0.0874,0.0121,0.1391,0.0146,0.5041,0.0165,35,0.198
aggressive_augmentation_policy,nominal,1,0.6503,0.0163,0.5803,0.017,0.2405,0.0143,0.3759,0.0174,0.1418,0.0239,0.0714,0.0125,0.0833,0.0147,0.0966,0.014,0.1354,0.0115,0.5197,0.0155,35,0.2
aggressive_augmentation_policy,nominal,2,0.6255,0.0188,0.5755,0.0206,0.2241,0.0152,0.3789,0.0183,0.1395,0.02,0.0786,0.0142,0.0888,0.0168,0.1058,0.0123,0.1299,0.0118,0.5194,0.0219,35,0.232
aggressive_augmentation_policy,nominal,3,0.6378,0.0161,0.5786,0.0223,0.2384,0.0191,0.3463,0.0148,0.1412,0.0189,0.0793,0.0125,0.0793,0.0122,0.0857,0.0138,0.1221,0.0113,0.5299,0.0199,35,0.2044
aggressive_augmentation_policy,nominal,4,0.6316,0.0186,0.5704,0.0128,0.2459,0.0148,0.3599,0.0158,0.1503,0.0214,0.0844,0.0154,0.0707,0.0114,0.0898,0.0128,0.135,0.0127,0.518,0.0175,35,0.2095
aggressive_augmentation_policy,nominal,5,0.6184,0.0222,0.5735,0.0194,0.2381,0.0159,0.3718,0.0146,0.1374,0.0234,0.0741,0.0123,0.0731,0.0141,0.0966,0.0139,0.1367,0.012,0.502,0.0194,35,0.2231
aggressive_augmentation_policy,nominal,6,0.6238,0.0208,0.5588,0.0159,0.2435,0.0214,0.3684,0.0142,0.1391,0.0209,0.0813,0.0131,0.0755,0.0107,0.0888,0.0124,0.1241,0.0091,0.5214,0.0154,35,0.217
aggressive_augmentation_policy,valid_geometric_shift,0,0.5912,0.0231,0.55,0.0172,0.2177,0.0152,0.3357,0.0147,0.1707,0.0259,0.0963,0.0157,0.1065,0.0207,0.1058,0.0139,0.1605,0.0113,0.518,0.0191,35,0.2398
aggressive_augmentation_policy,valid_geometric_shift,1,0.6146,0.0161,0.5588,0.019,0.232,0.0201,0.3262,0.0164,0.1639,0.0282,0.101,0.018,0.0959,0.0173,0.1116,0.0158,0.1514,0.0135,0.5031,0.0163,35,0.1993
aggressive_augmentation_policy,valid_geometric_shift,2,0.6065,0.0227,0.5503,0.0181,0.2235,0.0139,0.3446,0.0152,0.1544,0.0262,0.0963,0.0157,0.0922,0.0161,0.1126,0.0136,0.1565,0.0131,0.4997,0.0154,35,0.2031
aggressive_augmentation_policy,valid_geometric_shift,3,0.5963,0.0224,0.5714,0.0171,0.2231,0.0143,0.3463,0.0141,0.1697,0.0239,0.083,0.0157,0.0932,0.0184,0.1197,0.0175,0.1531,0.0137,0.5102,0.0134,35,0.2197
aggressive_augmentation_policy,valid_geometric_shift,4,0.5946,0.0187,0.5667,0.0205,0.2306,0.0165,0.3418,0.0193,0.1622,0.0295,0.0827,0.0143,0.0912,0.015,0.1116,0.0125,0.1595,0.01,0.4898,0.0185,35,0.216
aggressive_augmentation_policy,valid_geometric_shift,5,0.6129,0.0228,0.5568,0.0174,0.2269,0.0148,0.3381,0.0202,0.1554,0.0277,0.0878,0.0167,0.099,0.0167,0.1136,0.0146,0.1476,0.0128,0.5071,0.0194,35,0.202
aggressive_augmentation_policy,valid_geometric_shift,6,0.598,0.0204,0.5537,0.017,0.2384,0.0141,0.3493,0.017,0.1667,0.0257,0.085,0.016,0.1041,0.0189,0.1201,0.0163,0.1537,0.0138,0.5119,0.0205,35,0.2102
aggressive_augmentation_policy,valid_perceptual_shift,0,0.6082,0.0204,0.5616,0.017,0.217,0.0173,0.3595,0.0204,0.1463,0.0228,0.0772,0.0113,0.0925,0.0141,0.1085,0.0145,0.1456,0.0116,0.5,0.0221,35,0.2136
aggressive_augmentation_policy,valid_perceptual_shift,1,0.5915,0.0172,0.5667,0.0193,0.2224,0.0159,0.3507,0.0141,0.1456,0.0251,0.084,0.0108,0.0973,0.0189,0.1044,0.0124,0.1418,0.0135,0.4976,0.0168,35,0.2259
aggressive_augmentation_policy,valid_perceptual_shift,2,0.6048,0.0215,0.5748,0.0206,0.2391,0.0186,0.3306,0.0182,0.1497,0.0233,0.0884,0.0156,0.0881,0.0186,0.116,0.0142,0.1384,0.0142,0.502,0.0195,35,0.2143
aggressive_augmentation_policy,valid_perceptual_shift,3,0.617,0.023,0.569,0.0201,0.2177,0.0167,0.367,0.0196,0.1418,0.021,0.0697,0.0128,0.0837,0.0179,0.0912,0.012,0.1633,0.0136,0.5078,0.0163,35,0.2116
aggressive_augmentation_policy,valid_perceptual_shift,4,0.6105,0.0219,0.5609,0.0184,0.2228,0.0171,0.348,0.0176,0.1432,0.0219,0.081,0.0128,0.0878,0.0145,0.0997,0.011,0.1619,0.0131,0.5065,0.0184,35,0.2095
aggressive_augmentation_policy,valid_perceptual_shift,5,0.6133,0.0207,0.5619,0.0188,0.2238,0.0148,0.3439,0.0201,0.1439,0.0195,0.0799,0.0162,0.0905,0.0182,0.1119,0.0161,0.1561,0.0118,0.4878,0.0183,35,0.2044
aggressive_augmentation_policy,valid_perceptual_shift,6,0.6146,0.0182,0.5565,0.0174,0.2262,0.0212,0.3381,0.0173,0.15,0.0255,0.0762,0.0127,0.0929,0.0143,0.1126,0.0132,0.1531,0.0123,0.5228,0.0176,35,0.2027
conformal_shift_filter,combined_invariance_stress,0,0.6224,0.0201,0.4497,0.0224,0.4677,0.0164,0.401,0.0169,0.1167,0.0199,0.0619,0.0111,0.051,0.0126,0.1082,0.015,0.2435,0.015,0.4075,0.0142,35,0.1711
conformal_shift_filter,combined_invariance_stress,1,0.6156,0.0217,0.4497,0.0199,0.4741,0.0238,0.3827,0.0187,0.1269,0.0252,0.0609,0.0121,0.052,0.0134,0.1075,0.0109,0.2469,0.0165,0.4054,0.0184,35,0.1786
conformal_shift_filter,combined_invariance_stress,2,0.6082,0.0229,0.4476,0.0216,0.4789,0.0198,0.4031,0.0141,0.1211,0.0212,0.0568,0.0122,0.0643,0.0116,0.0895,0.0133,0.2408,0.015,0.401,0.0224,35,0.1813
conformal_shift_filter,combined_invariance_stress,3,0.6129,0.0237,0.466,0.0195,0.4816,0.0203,0.3939,0.0183,0.1194,0.0196,0.0697,0.0128,0.0568,0.0107,0.0986,0.0161,0.2327,0.0157,0.3929,0.018,35,0.1878
conformal_shift_filter,combined_invariance_stress,4,0.615,0.0175,0.4541,0.0186,0.4724,0.0177,0.3946,0.0156,0.1279,0.0195,0.0588,0.0131,0.0544,0.012,0.0986,0.016,0.2337,0.017,0.4,0.0177,35,0.1599
conformal_shift_filter,combined_invariance_stress,5,0.6119,0.0219,0.4578,0.0207,0.481,0.0178,0.3867,0.0166,0.1272,0.0216,0.0571,0.0113,0.0585,0.0116,0.1014,0.0123,0.2422,0.0167,0.3997,0.0157,35,0.1748
conformal_shift_filter,combined_invariance_stress,6,0.598,0.0226,0.4534,0.0193,0.4738,0.024,0.401,0.0165,0.1218,0.0195,0.0541,0.0114,0.0514,0.0115,0.0952,0.012,0.2279,0.0183,0.3966,0.0166,35,0.1854
conformal_shift_filter,invalid_physical_shift,0,0.6129,0.0189,0.4592,0.0226,0.4806,0.02,0.4272,0.0191,0.1187,0.0177,0.0558,0.0099,0.0524,0.0128,0.0884,0.0147,0.2347,0.0148,0.4109,0.0166,35,0.1929
conformal_shift_filter,invalid_physical_shift,1,0.6241,0.016,0.4534,0.0171,0.5,0.0182,0.4061,0.0152,0.1235,0.0225,0.0646,0.0104,0.0439,0.0096,0.0854,0.012,0.232,0.0164,0.4201,0.0173,35,0.1925
conformal_shift_filter,invalid_physical_shift,2,0.6276,0.0204,0.4595,0.0201,0.4915,0.0182,0.4105,0.0135,0.1173,0.0192,0.0551,0.0103,0.0493,0.0117,0.099,0.0122,0.2248,0.0128,0.4102,0.0172,35,0.1755
conformal_shift_filter,invalid_physical_shift,3,0.6201,0.0211,0.4507,0.0219,0.485,0.018,0.4231,0.0165,0.1116,0.0192,0.0656,0.0122,0.0503,0.0131,0.0952,0.0131,0.2105,0.016,0.4105,0.0196,35,0.1881
conformal_shift_filter,invalid_physical_shift,4,0.6269,0.0215,0.4476,0.0184,0.4833,0.0199,0.4143,0.0168,0.1173,0.018,0.0575,0.0127,0.0469,0.0105,0.0888,0.0127,0.232,0.0155,0.4085,0.0173,35,0.198
conformal_shift_filter,invalid_physical_shift,5,0.6391,0.0214,0.4653,0.0204,0.4871,0.0187,0.4214,0.0195,0.1296,0.0188,0.0531,0.0098,0.0503,0.0111,0.0871,0.0111,0.2224,0.0169,0.4136,0.0155,35,0.1595
conformal_shift_filter,invalid_physical_shift,6,0.6139,0.0216,0.4602,0.0211,0.482,0.0215,0.4034,0.0166,0.1201,0.0209,0.0575,0.0093,0.0432,0.0111,0.0895,0.0126,0.2214,0.0163,0.4153,0.0193,35,0.1918
conformal_shift_filter,nominal,0,0.6796,0.0207,0.4687,0.0165,0.4922,0.0197,0.4398,0.016,0.0803,0.0138,0.0398,0.0111,0.0357,0.0083,0.052,0.0083,0.1973,0.0142,0.4395,0.0158,35,0.1565
conformal_shift_filter,nominal,1,0.6619,0.0177,0.4731,0.019,0.4806,0.0218,0.4497,0.0214,0.0888,0.0164,0.0398,0.0082,0.0333,0.008,0.0486,0.0092,0.1929,0.0148,0.4109,0.0183,35,0.1884
conformal_shift_filter,nominal,2,0.6786,0.0173,0.4799,0.0204,0.4861,0.0198,0.4415,0.0194,0.0837,0.0128,0.051,0.0092,0.0248,0.0073,0.0449,0.0068,0.1983,0.0146,0.4374,0.0152,35,0.1789
conformal_shift_filter,nominal,3,0.668,0.0201,0.466,0.015,0.4888,0.0175,0.4323,0.0172,0.0867,0.0114,0.0384,0.0092,0.0378,0.0081,0.0531,0.0099,0.199,0.0139,0.4289,0.0149,35,0.1741
conformal_shift_filter,nominal,4,0.6673,0.019,0.466,0.0139,0.4874,0.0203,0.4327,0.0153,0.0881,0.0143,0.0442,0.0082,0.0293,0.0085,0.05,0.0094,0.185,0.014,0.4248,0.0158,35,0.1738
conformal_shift_filter,nominal,5,0.6752,0.0172,0.4888,0.0181,0.4762,0.0188,0.4469,0.0211,0.082,0.0132,0.0405,0.01,0.0313,0.0095,0.0483,0.0079,0.2,0.0144,0.4252,0.0149,35,0.1663
conformal_shift_filter,nominal,6,0.6673,0.0241,0.4857,0.0213,0.4827,0.018,0.4378,0.0168,0.0827,0.0148,0.0429,0.0075,0.034,0.009,0.0531,0.0096,0.198,0.0148,0.418,0.0167,35,0.1735
conformal_shift_filter,valid_geometric_shift,0,0.6429,0.0189,0.4585,0.0207,0.4874,0.0223,0.4201,0.018,0.0922,0.0125,0.0497,0.0094,0.0473,0.0088,0.0646,0.01,0.2265,0.0144,0.4221,0.0142,35,0.1881
conformal_shift_filter,valid_geometric_shift,1,0.6429,0.0185,0.4609,0.0178,0.4707,0.0196,0.4218,0.0193,0.0891,0.0173,0.0486,0.01,0.0412,0.0107,0.0677,0.0105,0.2146,0.0149,0.4044,0.0174,35,0.1711
conformal_shift_filter,valid_geometric_shift,2,0.6456,0.0174,0.4714,0.0148,0.4912,0.0153,0.415,0.0164,0.1014,0.016,0.0456,0.0089,0.0384,0.0082,0.0718,0.0108,0.2211,0.0174,0.3963,0.0174,35,0.1639
conformal_shift_filter,valid_geometric_shift,3,0.6276,0.0174,0.4639,0.0205,0.4714,0.0222,0.4221,0.0173,0.1037,0.0167,0.0486,0.0096,0.035,0.0093,0.0779,0.0097,0.2303,0.0157,0.4173,0.0171,35,0.1884
conformal_shift_filter,valid_geometric_shift,4,0.6605,0.0181,0.468,0.0169,0.4844,0.0211,0.4418,0.0151,0.1014,0.0157,0.0534,0.0116,0.0429,0.01,0.0779,0.0142,0.2367,0.014,0.4112,0.0162,35,0.15
conformal_shift_filter,valid_geometric_shift,5,0.6432,0.0154,0.468,0.0203,0.4799,0.0204,0.415,0.0151,0.0895,0.0143,0.0469,0.0092,0.0398,0.0094,0.0718,0.0113,0.2156,0.0121,0.4197,0.016,35,0.1718
conformal_shift_filter,valid_geometric_shift,6,0.6408,0.0196,0.452,0.0156,0.4793,0.018,0.4211,0.0193,0.0966,0.0167,0.0435,0.0082,0.0391,0.0089,0.0711,0.0105,0.2112,0.0149,0.4126,0.0192,35,0.1673
conformal_shift_filter,valid_perceptual_shift,0,0.6473,0.0168,0.4677,0.0228,0.4721,0.0176,0.4211,0.0142,0.0878,0.0139,0.0466,0.0089,0.0367,0.0095,0.0646,0.0092,0.2248,0.0114,0.4276,0.0192,35,0.1745
conformal_shift_filter,valid_perceptual_shift,1,0.6384,0.0152,0.4741,0.0154,0.4558,0.0194,0.4272,0.016,0.0861,0.0141,0.049,0.0099,0.034,0.0088,0.0673,0.0096,0.2112,0.0156,0.4197,0.0208,35,0.1789
conformal_shift_filter,valid_perceptual_shift,2,0.6391,0.0176,0.4772,0.0211,0.4837,0.0186,0.4194,0.0174,0.0884,0.0112,0.0401,0.0091,0.0384,0.0085,0.069,0.0124,0.2105,0.0152,0.4099,0.016,35,0.1799
conformal_shift_filter,valid_perceptual_shift,3,0.6466,0.014,0.4796,0.0189,0.483,0.0197,0.4204,0.0174,0.082,0.0129,0.048,0.0086,0.0374,0.0111,0.0667,0.0109,0.2129,0.0135,0.4235,0.0208,35,0.182
conformal_shift_filter,valid_perceptual_shift,4,0.648,0.0185,0.4697,0.0213,0.4776,0.0211,0.431,0.0205,0.0973,0.0175,0.048,0.0084,0.0401,0.0081,0.0677,0.0122,0.1993,0.013,0.4187,0.0203,35,0.1721
conformal_shift_filter,valid_perceptual_shift,5,0.6439,0.0151,0.4531,0.0171,0.484,0.0174,0.4296,0.0188,0.0803,0.013,0.0432,0.0094,0.0337,0.0084,0.0605,0.0079,0.2357,0.0165,0.4092,0.0184,35,0.1738
conformal_shift_filter,valid_perceptual_shift,6,0.6364,0.016,0.4684,0.0231,0.4605,0.0179,0.4129,0.0164,0.0844,0.014,0.048,0.0077,0.0391,0.0093,0.067,0.01,0.2282,0.0126,0.4017,0.0176,35,0.181
contrastive_invariance_learner,combined_invariance_stress,0,0.5871,0.0265,0.5418,0.0191,0.3395,0.018,0.3599,0.0186,0.166,0.0249,0.0888,0.0168,0.0946,0.019,0.1245,0.0144,0.1881,0.014,0.5129,0.0193,35,0.2065
contrastive_invariance_learner,combined_invariance_stress,1,0.5816,0.0234,0.5616,0.0167,0.3412,0.0163,0.3531,0.0147,0.1738,0.0298,0.0867,0.0154,0.0905,0.0156,0.1371,0.0197,0.1884,0.0148,0.468,0.0194,35,0.2126
contrastive_invariance_learner,combined_invariance_stress,2,0.5827,0.0213,0.5439,0.0219,0.3456,0.0161,0.3507,0.0117,0.1633,0.0294,0.0844,0.0153,0.098,0.0193,0.1238,0.0167,0.1952,0.0144,0.4735,0.0212,35,0.2068
contrastive_invariance_learner,combined_invariance_stress,3,0.5799,0.0218,0.5367,0.0194,0.3316,0.0183,0.369,0.0174,0.1796,0.0316,0.0912,0.0127,0.1037,0.0195,0.1306,0.018,0.185,0.0145,0.4844,0.016,35,0.2207
contrastive_invariance_learner,combined_invariance_stress,4,0.6078,0.0234,0.5517,0.021,0.3241,0.0214,0.3677,0.0193,0.1769,0.0308,0.0935,0.0142,0.1027,0.0192,0.132,0.0168,0.1901,0.0152,0.4915,0.0191,35,0.167
contrastive_invariance_learner,combined_invariance_stress,5,0.5966,0.0201,0.5381,0.0192,0.3364,0.0225,0.3486,0.0181,0.1718,0.028,0.0871,0.015,0.0997,0.0178,0.1286,0.0158,0.1932,0.0156,0.4973,0.0194,35,0.1901
contrastive_invariance_learner,combined_invariance_stress,6,0.5735,0.0239,0.5422,0.0202,0.3571,0.0163,0.3772,0.0174,0.1735,0.03,0.0864,0.0168,0.0966,0.0205,0.1293,0.0174,0.181,0.0118,0.4857,0.0135,35,0.2099
contrastive_invariance_learner,invalid_physical_shift,0,0.6027,0.0245,0.5364,0.0199,0.3476,0.0205,0.3786,0.0152,0.1895,0.0326,0.0878,0.0145,0.0942,0.0185,0.1252,0.0162,0.1803,0.0142,0.5024,0.0131,35,0.2031
contrastive_invariance_learner,invalid_physical_shift,1,0.5901,0.0224,0.5432,0.0184,0.3483,0.0144,0.368,0.0184,0.167,0.0295,0.0874,0.0135,0.0949,0.0188,0.1269,0.0185,0.1789,0.0167,0.4884,0.0153,35,0.2265
contrastive_invariance_learner,invalid_physical_shift,2,0.5925,0.0193,0.5537,0.0225,0.3446,0.0258,0.3786,0.0132,0.167,0.0267,0.0884,0.0177,0.0888,0.0181,0.1316,0.0175,0.1789,0.014,0.4912,0.0181,35,0.2105
contrastive_invariance_learner,invalid_physical_shift,3,0.6051,0.0223,0.5395,0.0176,0.3388,0.0154,0.3755,0.0157,0.1643,0.0308,0.0898,0.0162,0.0908,0.0166,0.1269,0.0161,0.1782,0.0141,0.5007,0.0192,35,0.2031
contrastive_invariance_learner,invalid_physical_shift,4,0.6102,0.0224,0.5561,0.015,0.3527,0.0134,0.3793,0.0184,0.1612,0.025,0.098,0.0177,0.1003,0.0203,0.1272,0.0147,0.166,0.0132,0.4915,0.0206,35,0.2146
contrastive_invariance_learner,invalid_physical_shift,5,0.6105,0.0246,0.5429,0.0146,0.3544,0.0147,0.3844,0.0178,0.1694,0.0263,0.0837,0.0147,0.0861,0.0181,0.1289,0.0165,0.1759,0.0151,0.4796,0.0161,35,0.1881
contrastive_invariance_learner,invalid_physical_shift,6,0.5922,0.0218,0.5633,0.0213,0.3585,0.0172,0.3646,0.0187,0.1718,0.0276,0.0861,0.016,0.0864,0.0199,0.1146,0.0163,0.1639,0.0129,0.4765,0.0172,35,0.2136
contrastive_invariance_learner,nominal,0,0.6728,0.0215,0.5714,0.0191,0.3503,0.0168,0.4003,0.019,0.1218,0.02,0.065,0.013,0.0605,0.0128,0.0728,0.0123,0.1534,0.012,0.5109,0.0176,35,0.1633
contrastive_invariance_learner,nominal,1,0.6524,0.018,0.5728,0.0178,0.3439,0.0176,0.4082,0.0179,0.1058,0.0177,0.0582,0.0121,0.069,0.0157,0.0663,0.0099,0.1418,0.0113,0.5082,0.0174,35,0.198
contrastive_invariance_learner,nominal,2,0.6714,0.0176,0.5704,0.0183,0.3473,0.015,0.3986,0.0198,0.1177,0.0201,0.0558,0.0102,0.0646,0.0113,0.069,0.0136,0.1486,0.012,0.5269,0.0166,35,0.1861
contrastive_invariance_learner,nominal,3,0.6558,0.0217,0.5687,0.0171,0.3571,0.0198,0.4146,0.0201,0.118,0.021,0.0622,0.0102,0.0605,0.01,0.0755,0.0128,0.1585,0.0126,0.5048,0.0189,35,0.1864
contrastive_invariance_learner,nominal,4,0.6595,0.0172,0.5745,0.0211,0.3595,0.0174,0.419,0.0209,0.1204,0.0193,0.0585,0.011,0.0622,0.0128,0.068,0.0131,0.1517,0.0096,0.5303,0.0177,35,0.1816
contrastive_invariance_learner,nominal,5,0.6643,0.0157,0.5619,0.0171,0.35,0.0159,0.419,0.0175,0.1286,0.0192,0.0565,0.011,0.0667,0.0125,0.0735,0.0131,0.1442,0.0115,0.5044,0.0227,35,0.1772
contrastive_invariance_learner,nominal,6,0.6571,0.0224,0.5656,0.0219,0.3354,0.0216,0.418,0.017,0.1156,0.018,0.0619,0.0099,0.0643,0.0117,0.0731,0.011,0.1524,0.0126,0.5129,0.0209,35,0.1837
contrastive_invariance_learner,valid_geometric_shift,0,0.6177,0.0199,0.5602,0.0204,0.3602,0.0192,0.3932,0.0191,0.1316,0.0213,0.0731,0.0132,0.0748,0.0159,0.0966,0.0123,0.1724,0.012,0.5085,0.0174,35,0.2133
contrastive_invariance_learner,valid_geometric_shift,1,0.6388,0.017,0.5588,0.0182,0.3391,0.0175,0.3827,0.0172,0.1316,0.0195,0.0728,0.0121,0.0724,0.015,0.0922,0.0142,0.1687,0.0136,0.4993,0.0199,35,0.1752
contrastive_invariance_learner,valid_geometric_shift,2,0.6299,0.0199,0.5422,0.0166,0.3524,0.0214,0.3888,0.0152,0.1395,0.0212,0.0755,0.0131,0.0772,0.0137,0.1027,0.0162,0.1748,0.0147,0.4976,0.0169,35,0.1796
contrastive_invariance_learner,valid_geometric_shift,3,0.6289,0.0193,0.5544,0.0223,0.3408,0.0185,0.3616,0.0239,0.1262,0.0201,0.0738,0.0115,0.0701,0.0133,0.0946,0.0104,0.1721,0.0108,0.5031,0.0192,35,0.1871
contrastive_invariance_learner,valid_geometric_shift,4,0.6197,0.0187,0.5571,0.0178,0.3551,0.0197,0.3748,0.0178,0.1378,0.0227,0.0762,0.011,0.065,0.0131,0.1034,0.0131,0.1677,0.0148,0.483,0.0189,35,0.1908
contrastive_invariance_learner,valid_geometric_shift,5,0.6265,0.0212,0.565,0.0216,0.3483,0.017,0.3813,0.0148,0.1299,0.0198,0.0864,0.0128,0.0731,0.0139,0.0963,0.0166,0.168,0.0158,0.4854,0.0138,35,0.1884
contrastive_invariance_learner,valid_geometric_shift,6,0.6286,0.0162,0.5687,0.0174,0.3344,0.0191,0.3908,0.016,0.134,0.022,0.0673,0.0118,0.0779,0.0129,0.0983,0.0141,0.1707,0.0134,0.4959,0.0194,35,0.1796
contrastive_invariance_learner,valid_perceptual_shift,0,0.6272,0.0213,0.5442,0.0182,0.348,0.0147,0.4071,0.0205,0.117,0.0195,0.0694,0.0125,0.0643,0.0139,0.0847,0.0126,0.1762,0.0148,0.4918,0.0123,35,0.1946
contrastive_invariance_learner,valid_perceptual_shift,1,0.6262,0.0164,0.565,0.0174,0.3279,0.0145,0.383,0.0158,0.1293,0.0198,0.0718,0.0125,0.0786,0.016,0.0908,0.0097,0.1728,0.0142,0.5014,0.0192,35,0.1912
contrastive_invariance_learner,valid_perceptual_shift,2,0.6415,0.0274,0.5571,0.0199,0.3439,0.0203,0.4024,0.0214,0.1235,0.0229,0.0707,0.011,0.0701,0.0149,0.0959,0.0124,0.1578,0.0112,0.5051,0.0219,35,0.1776
contrastive_invariance_learner,valid_perceptual_shift,3,0.648,0.0143,0.5667,0.0214,0.3323,0.02,0.3881,0.0144,0.1221,0.0212,0.0599,0.0105,0.0684,0.0133,0.0898,0.0138,0.1582,0.0133,0.5085,0.0154,35,0.1806
contrastive_invariance_learner,valid_perceptual_shift,4,0.6207,0.0222,0.5653,0.0225,0.3374,0.0186,0.367,0.0135,0.1289,0.0185,0.0622,0.0099,0.0769,0.0178,0.0888,0.0125,0.1711,0.0154,0.4888,0.0171,35,0.1993
contrastive_invariance_learner,valid_perceptual_shift,5,0.633,0.0207,0.5636,0.0183,0.3398,0.0186,0.3731,0.0171,0.1139,0.0191,0.0697,0.0104,0.0667,0.0124,0.0912,0.0139,0.168,0.0103,0.5119,0.0197,35,0.1847
contrastive_invariance_learner,valid_perceptual_shift,6,0.6446,0.0215,0.5558,0.0167,0.3418,0.0153,0.3935,0.0204,0.1194,0.0167,0.0673,0.0107,0.0707,0.0127,0.0881,0.0104,0.1752,0.0127,0.4929,0.0181,35,0.1728
domain_randomization,combined_invariance_stress,0,0.585,0.019,0.515,0.0214,0.3469,0.0207,0.3568,0.0142,0.1636,0.0291,0.0833,0.0106,0.1007,0.0205,0.135,0.0157,0.198,0.0129,0.4578,0.0196,35,0.2085
domain_randomization,combined_invariance_stress,1,0.5701,0.0173,0.5211,0.0194,0.3337,0.0177,0.349,0.0139,0.1799,0.0309,0.0813,0.015,0.0952,0.0176,0.1269,0.0162,0.1952,0.0145,0.4554,0.0188,35,0.2241
domain_randomization,combined_invariance_stress,2,0.5694,0.0207,0.5082,0.0223,0.3578,0.0165,0.3503,0.0197,0.169,0.027,0.0973,0.0149,0.1017,0.0188,0.1384,0.0141,0.1833,0.0145,0.468,0.017,35,0.2201
domain_randomization,combined_invariance_stress,3,0.582,0.0273,0.5085,0.0191,0.3503,0.0182,0.3303,0.0169,0.1799,0.029,0.0847,0.0156,0.101,0.0166,0.1265,0.0174,0.1833,0.0165,0.4558,0.019,35,0.2187
domain_randomization,combined_invariance_stress,4,0.5782,0.025,0.5228,0.0255,0.3459,0.0129,0.3643,0.0172,0.1704,0.0281,0.0844,0.0146,0.0932,0.0198,0.1259,0.0139,0.1847,0.0157,0.4435,0.0182,35,0.1966
domain_randomization,combined_invariance_stress,5,0.5724,0.0189,0.5173,0.0201,0.3435,0.0142,0.3673,0.0181,0.1687,0.0273,0.0874,0.0142,0.0949,0.0159,0.1333,0.0188,0.1854,0.0121,0.4599,0.0196,35,0.2143
domain_randomization,combined_invariance_stress,6,0.5701,0.0207,0.5194,0.0175,0.3548,0.0194,0.3524,0.0132,0.1619,0.027,0.0918,0.0174,0.102,0.0144,0.1463,0.0167,0.1935,0.0138,0.4707,0.0204,35,0.2133
domain_randomization,invalid_physical_shift,0,0.5963,0.0202,0.5126,0.0157,0.3541,0.0177,0.369,0.0192,0.1677,0.0265,0.0789,0.0141,0.0901,0.0172,0.1156,0.0143,0.1677,0.0128,0.4592,0.0163,35,0.2095
domain_randomization,invalid_physical_shift,1,0.5908,0.022,0.5167,0.0209,0.3469,0.0193,0.3796,0.0181,0.1643,0.024,0.0895,0.0163,0.0969,0.0191,0.1173,0.0186,0.1786,0.0099,0.4721,0.0165,35,0.2259
domain_randomization,invalid_physical_shift,2,0.5796,0.0214,0.5156,0.0186,0.3585,0.0181,0.3759,0.0142,0.1612,0.0277,0.0861,0.0154,0.0952,0.0197,0.1248,0.0145,0.1663,0.0128,0.4595,0.016,35,0.2235
domain_randomization,invalid_physical_shift,3,0.6034,0.0208,0.5245,0.021,0.3765,0.0174,0.3568,0.0172,0.1738,0.0274,0.0884,0.016,0.0776,0.0136,0.1194,0.0169,0.1626,0.0144,0.4803,0.0147,35,0.2048
domain_randomization,invalid_physical_shift,4,0.6112,0.023,0.5122,0.0159,0.3588,0.017,0.3847,0.0151,0.1687,0.0303,0.0895,0.0174,0.1017,0.0198,0.1126,0.0175,0.168,0.013,0.4823,0.0225,35,0.2136
domain_randomization,invalid_physical_shift,5,0.5878,0.0234,0.5231,0.0179,0.3776,0.02,0.3779,0.019,0.1724,0.0285,0.0918,0.0195,0.0997,0.0203,0.1248,0.0167,0.1663,0.0153,0.4697,0.0194,35,0.2109
domain_randomization,invalid_physical_shift,6,0.5959,0.0193,0.5265,0.0187,0.3486,0.0139,0.3789,0.0172,0.166,0.0291,0.0854,0.0155,0.0901,0.0167,0.1276,0.0188,0.1745,0.0142,0.4741,0.0232,35,0.2099
domain_randomization,nominal,0,0.6439,0.0181,0.5408,0.0156,0.3605,0.019,0.4143,0.0149,0.1187,0.0197,0.0616,0.0116,0.0735,0.0152,0.0653,0.0109,0.1364,0.013,0.4973,0.0149,35,0.1922
domain_randomization,nominal,1,0.6493,0.0208,0.5558,0.0178,0.3565,0.0179,0.3925,0.017,0.1201,0.0197,0.0701,0.0115,0.0568,0.009,0.0738,0.0144,0.1435,0.0125,0.4793,0.0165,35,0.201
domain_randomization,nominal,2,0.6575,0.0198,0.5415,0.018,0.3646,0.02,0.4054,0.0185,0.1136,0.0193,0.0633,0.013,0.0619,0.0118,0.0646,0.0105,0.1432,0.0139,0.4949,0.0199,35,0.2
domain_randomization,nominal,3,0.6435,0.0194,0.5296,0.0201,0.35,0.0173,0.4082,0.0177,0.1095,0.0183,0.0633,0.0129,0.0612,0.0125,0.0741,0.0109,0.1531,0.0134,0.4912,0.0182,35,0.1986
domain_randomization,nominal,4,0.6561,0.0189,0.5361,0.019,0.3551,0.0156,0.3986,0.0198,0.1231,0.0182,0.0653,0.0118,0.0626,0.0132,0.0673,0.0112,0.1459,0.0125,0.4929,0.0187,35,0.185
domain_randomization,nominal,5,0.6449,0.0215,0.5405,0.0181,0.3483,0.0181,0.4119,0.0201,0.119,0.0213,0.0653,0.0111,0.0724,0.0133,0.0782,0.0116,0.149,0.0103,0.4956,0.0175,35,0.1966
domain_randomization,nominal,6,0.6425,0.0181,0.5435,0.0164,0.3554,0.0173,0.3796,0.0189,0.115,0.0169,0.0711,0.0113,0.0612,0.0112,0.0731,0.0116,0.1415,0.0099,0.4799,0.0162,35,0.1983
domain_randomization,valid_geometric_shift,0,0.6119,0.018,0.534,0.0193,0.3381,0.019,0.3833,0.0143,0.1224,0.0199,0.0711,0.0139,0.0741,0.0133,0.1003,0.0148,0.1714,0.0116,0.4796,0.0243,35,0.219
domain_randomization,valid_geometric_shift,1,0.6269,0.0214,0.531,0.0212,0.3605,0.0194,0.3867,0.0152,0.1272,0.0186,0.0796,0.0119,0.0755,0.0135,0.0895,0.0142,0.1677,0.018,0.4786,0.0183,35,0.1871
domain_randomization,valid_geometric_shift,2,0.6044,0.0171,0.5156,0.0204,0.3493,0.0201,0.3748,0.0173,0.1378,0.0237,0.0806,0.0157,0.0789,0.0152,0.0922,0.0135,0.1629,0.0113,0.4728,0.0177,35,0.2051
domain_randomization,valid_geometric_shift,3,0.6204,0.0188,0.5388,0.0166,0.3531,0.0159,0.3833,0.018,0.1248,0.02,0.0765,0.0141,0.0724,0.0137,0.0881,0.0139,0.1697,0.0127,0.4755,0.0229,35,0.1956
domain_randomization,valid_geometric_shift,4,0.6037,0.0184,0.5224,0.0202,0.3384,0.0222,0.3779,0.0124,0.1231,0.0209,0.066,0.0111,0.0827,0.0153,0.0952,0.0118,0.169,0.0155,0.4755,0.0199,35,0.2068
domain_randomization,valid_geometric_shift,5,0.6129,0.0218,0.5241,0.0195,0.349,0.0199,0.3779,0.0143,0.1265,0.021,0.0772,0.014,0.0769,0.0147,0.0895,0.0117,0.166,0.0177,0.4793,0.0157,35,0.202
domain_randomization,valid_geometric_shift,6,0.6078,0.0222,0.5323,0.0179,0.3323,0.019,0.3741,0.0165,0.1306,0.0204,0.0833,0.0132,0.0786,0.0176,0.0932,0.0148,0.1619,0.0127,0.4799,0.0172,35,0.2003
domain_randomization,valid_perceptual_shift,0,0.6156,0.0216,0.5262,0.0199,0.3456,0.0194,0.3731,0.0168,0.119,0.0221,0.0701,0.0119,0.0701,0.0129,0.0939,0.013,0.152,0.0107,0.4789,0.0142,35,0.2061
domain_randomization,valid_perceptual_shift,1,0.6344,0.0177,0.5323,0.0147,0.3531,0.0184,0.3806,0.0119,0.1173,0.0196,0.0735,0.0141,0.0697,0.0146,0.0925,0.0132,0.1714,0.018,0.4639,0.0173,35,0.183
domain_randomization,valid_perceptual_shift,2,0.6187,0.0199,0.5136,0.019,0.3568,0.0212,0.382,0.0178,0.1153,0.0159,0.0582,0.0107,0.0633,0.0126,0.099,0.0152,0.1673,0.0107,0.4932,0.0157,35,0.2003
domain_randomization,valid_perceptual_shift,3,0.6177,0.0204,0.5299,0.0168,0.3578,0.0197,0.3823,0.015,0.1146,0.0169,0.0677,0.0111,0.0721,0.0137,0.0939,0.0129,0.1622,0.0144,0.4786,0.0179,35,0.2109
domain_randomization,valid_perceptual_shift,4,0.616,0.0195,0.5187,0.0184,0.3517,0.0193,0.385,0.0195,0.117,0.0181,0.0718,0.0121,0.0711,0.0137,0.0854,0.0152,0.1527,0.013,0.4711,0.0161,35,0.2041
domain_randomization,valid_perceptual_shift,5,0.6272,0.0178,0.5245,0.0197,0.3476,0.0155,0.382,0.0175,0.1102,0.0176,0.0605,0.012,0.0653,0.012,0.0959,0.0113,0.1541,0.0148,0.4745,0.0184,35,0.1905
domain_randomization,valid_perceptual_shift,6,0.6218,0.0164,0.5092,0.0182,0.3585,0.0166,0.3837,0.0142,0.1224,0.0218,0.0728,0.0139,0.0656,0.0146,0.0823,0.0115,0.1636,0.0132,0.4697,0.0151,35,0.1956
equivariant_policy,combined_invariance_stress,0,0.5588,0.0191,0.5241,0.0189,0.2976,0.0169,0.3286,0.0173,0.1816,0.0299,0.0929,0.0151,0.1099,0.0219,0.1357,0.0138,0.183,0.0172,0.465,0.0169,35,0.2347
equivariant_policy,combined_invariance_stress,1,0.5616,0.025,0.5054,0.0218,0.317,0.0164,0.3395,0.0148,0.1942,0.0349,0.0925,0.0186,0.1112,0.0191,0.1456,0.0205,0.1861,0.013,0.4827,0.0157,35,0.2327
equivariant_policy,combined_invariance_stress,2,0.5796,0.0208,0.5119,0.0188,0.3075,0.0213,0.3391,0.0182,0.1861,0.0301,0.0963,0.0182,0.0986,0.0185,0.1401,0.0199,0.1721,0.0142,0.4857,0.0145,35,0.2099
equivariant_policy,combined_invariance_stress,3,0.5561,0.0211,0.5061,0.0196,0.3003,0.0191,0.3282,0.0133,0.1901,0.0329,0.1,0.015,0.1078,0.0216,0.1493,0.0197,0.1864,0.0128,0.4588,0.0166,35,0.2446
equivariant_policy,combined_invariance_stress,4,0.5728,0.0219,0.5085,0.0138,0.2976,0.018,0.3381,0.0192,0.1857,0.0315,0.0963,0.0172,0.115,0.0202,0.1388,0.0193,0.1687,0.0116,0.4697,0.0189,35,0.202
equivariant_policy,combined_invariance_stress,5,0.5636,0.0225,0.4905,0.0185,0.2803,0.0168,0.3384,0.0158,0.1929,0.0311,0.0986,0.0154,0.1133,0.0207,0.1449,0.0213,0.181,0.0136,0.4517,0.0179,35,0.2231
equivariant_policy,combined_invariance_stress,6,0.5497,0.0248,0.4925,0.0206,0.3031,0.0173,0.3388,0.0166,0.1833,0.0319,0.0908,0.0123,0.1082,0.0182,0.1439,0.0165,0.1762,0.0119,0.4735,0.0196,35,0.2337
equivariant_policy,invalid_physical_shift,0,0.5837,0.0221,0.5221,0.0164,0.3201,0.0187,0.3361,0.0181,0.1901,0.0319,0.0867,0.0132,0.1,0.021,0.1231,0.0141,0.1724,0.0137,0.4765,0.0195,35,0.2221
equivariant_policy,invalid_physical_shift,1,0.5667,0.0226,0.5129,0.0169,0.3265,0.0175,0.3561,0.0182,0.1803,0.0285,0.0901,0.0159,0.0952,0.015,0.1286,0.014,0.1687,0.0116,0.4793,0.0163,35,0.25
equivariant_policy,invalid_physical_shift,2,0.5837,0.0222,0.5075,0.0215,0.3099,0.0174,0.3531,0.0192,0.1867,0.0279,0.0959,0.0166,0.102,0.0168,0.1296,0.0196,0.1901,0.0153,0.4803,0.0214,35,0.2194
equivariant_policy,invalid_physical_shift,3,0.5796,0.0188,0.5204,0.0211,0.3095,0.016,0.3459,0.0164,0.1861,0.0298,0.0966,0.0172,0.1041,0.0208,0.1255,0.0168,0.1813,0.0144,0.4864,0.0167,35,0.2286
equivariant_policy,invalid_physical_shift,4,0.5966,0.0236,0.5139,0.0193,0.3034,0.0176,0.3361,0.0175,0.1861,0.0323,0.081,0.0136,0.1112,0.0216,0.1323,0.0193,0.1728,0.0143,0.4595,0.0234,35,0.2282
equivariant_policy,invalid_physical_shift,5,0.5867,0.0211,0.5156,0.0188,0.3136,0.0159,0.3616,0.0148,0.1884,0.0275,0.0932,0.0156,0.1027,0.0193,0.1316,0.0198,0.1565,0.0097,0.4793,0.0206,35,0.2119
equivariant_policy,invalid_physical_shift,6,0.5929,0.0209,0.5119,0.0184,0.3241,0.0161,0.3599,0.0184,0.1833,0.0282,0.0946,0.0161,0.1095,0.0193,0.1367,0.018,0.1857,0.0151,0.4582,0.0173,35,0.2129
equivariant_policy,nominal,0,0.6442,0.0205,0.518,0.0159,0.315,0.0218,0.3827,0.0167,0.1265,0.0197,0.0599,0.0104,0.0735,0.0114,0.0854,0.015,0.1367,0.0117,0.4942,0.0215,35,0.1918
equivariant_policy,nominal,1,0.6459,0.0218,0.5259,0.0212,0.318,0.0174,0.382,0.0166,0.1378,0.0224,0.0718,0.0107,0.0694,0.0133,0.0762,0.0142,0.148,0.0119,0.4952,0.0164,35,0.2044
equivariant_policy,nominal,2,0.6218,0.0193,0.5514,0.0167,0.3255,0.0177,0.3884,0.018,0.1228,0.0235,0.0735,0.011,0.0806,0.0123,0.0854,0.0149,0.1446,0.011,0.5126,0.0157,35,0.2357
equivariant_policy,nominal,3,0.6456,0.0184,0.5415,0.0184,0.3102,0.0151,0.3779,0.0199,0.1306,0.0198,0.0701,0.0119,0.0687,0.0134,0.0908,0.0109,0.1422,0.0117,0.5024,0.0172,35,0.1966
equivariant_policy,nominal,4,0.6575,0.0203,0.5259,0.0167,0.3218,0.018,0.3966,0.0169,0.1224,0.0222,0.068,0.0107,0.0731,0.0127,0.0891,0.0127,0.1384,0.0123,0.5037,0.0184,35,0.1837
equivariant_policy,nominal,5,0.6238,0.0184,0.5463,0.0193,0.3126,0.0178,0.398,0.016,0.1316,0.0204,0.0721,0.0134,0.0677,0.013,0.0779,0.0122,0.1364,0.0132,0.502,0.0211,35,0.2177
equivariant_policy,nominal,6,0.65,0.019,0.5361,0.0202,0.3289,0.0183,0.3952,0.0175,0.1235,0.022,0.0704,0.0118,0.0656,0.013,0.0816,0.0141,0.1378,0.0113,0.4939,0.0201,35,0.1908
equivariant_policy,valid_geometric_shift,0,0.6037,0.0258,0.5235,0.0202,0.3048,0.0187,0.3697,0.0143,0.1483,0.022,0.0796,0.0129,0.0799,0.0156,0.1058,0.014,0.1561,0.0115,0.4983,0.014,35,0.2272
equivariant_policy,valid_geometric_shift,1,0.5932,0.0189,0.5276,0.0169,0.3197,0.0181,0.365,0.0159,0.1463,0.0266,0.0946,0.0164,0.085,0.0127,0.1082,0.0117,0.1711,0.0129,0.4935,0.0168,35,0.2207
equivariant_policy,valid_geometric_shift,2,0.6,0.0177,0.5156,0.0205,0.3044,0.0204,0.3575,0.0142,0.1347,0.0224,0.0731,0.012,0.0861,0.0127,0.1082,0.0146,0.1667,0.0139,0.4837,0.0126,35,0.2095
equivariant_policy,valid_geometric_shift,3,0.6085,0.0222,0.5398,0.016,0.3065,0.0208,0.3616,0.0175,0.1391,0.0219,0.0772,0.0122,0.0837,0.0136,0.1099,0.0134,0.1687,0.0112,0.4816,0.0168,35,0.2075
equivariant_policy,valid_geometric_shift,4,0.6214,0.0208,0.5286,0.0201,0.3,0.0158,0.3231,0.0152,0.134,0.0217,0.0748,0.0129,0.0918,0.0156,0.0935,0.0135,0.1619,0.0158,0.4782,0.0195,35,0.1891
equivariant_policy,valid_geometric_shift,5,0.6068,0.0243,0.5136,0.0212,0.3071,0.0162,0.35,0.0188,0.1401,0.0213,0.0796,0.0156,0.0823,0.015,0.1102,0.0163,0.1616,0.0148,0.4857,0.0207,35,0.2082
equivariant_policy,valid_geometric_shift,6,0.6054,0.0181,0.5129,0.0231,0.3187,0.0185,0.3599,0.0155,0.1371,0.0213,0.0895,0.013,0.083,0.0145,0.0983,0.01,0.1541,0.0124,0.4857,0.019,35,0.2027
equivariant_policy,valid_perceptual_shift,0,0.6116,0.0209,0.5252,0.0189,0.3,0.0192,0.3646,0.0181,0.1347,0.0228,0.0636,0.009,0.0755,0.0152,0.0898,0.0117,0.1561,0.0089,0.4898,0.0238,35,0.2102
equivariant_policy,valid_perceptual_shift,1,0.6136,0.021,0.5357,0.0201,0.3031,0.0168,0.3541,0.0164,0.1327,0.0176,0.0803,0.0132,0.0759,0.015,0.0946,0.0121,0.1473,0.0129,0.4844,0.0199,35,0.2037
equivariant_policy,valid_perceptual_shift,2,0.6248,0.0185,0.5378,0.0198,0.2949,0.0171,0.3316,0.0168,0.1272,0.0172,0.0772,0.0147,0.0765,0.0164,0.1031,0.0122,0.1602,0.015,0.4847,0.019,35,0.1942
equivariant_policy,valid_perceptual_shift,3,0.6231,0.0157,0.5218,0.019,0.2935,0.0168,0.3585,0.0186,0.1255,0.022,0.0741,0.0119,0.0724,0.0148,0.0993,0.0159,0.1653,0.0123,0.4507,0.0177,35,0.2054
equivariant_policy,valid_perceptual_shift,4,0.619,0.0176,0.5177,0.0174,0.3136,0.0206,0.3636,0.0141,0.1252,0.0203,0.0735,0.0128,0.084,0.0135,0.0976,0.0141,0.1449,0.0112,0.4895,0.0182,35,0.201
equivariant_policy,valid_perceptual_shift,5,0.6129,0.0193,0.5439,0.0211,0.3048,0.0186,0.3595,0.0181,0.1378,0.0239,0.0711,0.0117,0.0806,0.0144,0.1048,0.0122,0.1575,0.0135,0.4932,0.0174,35,0.2048
equivariant_policy,valid_perceptual_shift,6,0.6231,0.0203,0.5306,0.0242,0.3007,0.0181,0.3514,0.0154,0.1265,0.0197,0.0731,0.0123,0.0806,0.0151,0.0997,0.0111,0.1684,0.0122,0.4908,0.0209,35,0.1942
invariant_risk_minimization_proxy,combined_invariance_stress,0,0.5799,0.0191,0.4827,0.0233,0.3959,0.0192,0.3728,0.0157,0.1524,0.028,0.0769,0.0141,0.0871,0.0164,0.117,0.0144,0.1898,0.0113,0.4344,0.0173,35,0.2136
invariant_risk_minimization_proxy,combined_invariance_stress,1,0.5867,0.0228,0.4857,0.0179,0.3935,0.014,0.3745,0.018,0.1619,0.0236,0.0782,0.0135,0.0949,0.0174,0.1041,0.0151,0.1901,0.0127,0.4286,0.0151,35,0.2075
invariant_risk_minimization_proxy,combined_invariance_stress,2,0.5871,0.0203,0.4935,0.0184,0.3765,0.0211,0.3718,0.0178,0.1571,0.0247,0.0752,0.0154,0.0949,0.0214,0.1241,0.0174,0.1878,0.0133,0.4466,0.0182,35,0.2024
invariant_risk_minimization_proxy,combined_invariance_stress,3,0.569,0.0222,0.4796,0.0235,0.3755,0.019,0.3704,0.0211,0.1636,0.0246,0.0881,0.0164,0.0827,0.0149,0.1218,0.0129,0.1895,0.0146,0.4469,0.018,35,0.2316
invariant_risk_minimization_proxy,combined_invariance_stress,4,0.5793,0.0215,0.4667,0.0169,0.3772,0.0187,0.3633,0.0164,0.1568,0.0234,0.0844,0.0133,0.0854,0.0202,0.1204,0.0152,0.1993,0.0151,0.4116,0.0159,35,0.1956
invariant_risk_minimization_proxy,combined_invariance_stress,5,0.5731,0.0205,0.469,0.0204,0.3854,0.0198,0.3531,0.0145,0.167,0.0277,0.081,0.0142,0.0867,0.0185,0.1293,0.0168,0.1918,0.0164,0.4405,0.0168,35,0.2136
invariant_risk_minimization_proxy,combined_invariance_stress,6,0.6065,0.0247,0.4874,0.0154,0.3949,0.0172,0.368,0.0145,0.1514,0.0261,0.0796,0.0145,0.0912,0.0156,0.1173,0.016,0.1837,0.015,0.4364,0.0174,35,0.1769
invariant_risk_minimization_proxy,invalid_physical_shift,0,0.5973,0.0166,0.4874,0.0193,0.3922,0.0221,0.3752,0.0198,0.1677,0.028,0.0769,0.0158,0.0878,0.0186,0.1105,0.014,0.1772,0.0137,0.4378,0.0186,35,0.2085
invariant_risk_minimization_proxy,invalid_physical_shift,1,0.5786,0.0227,0.4796,0.0196,0.3816,0.0198,0.3755,0.0155,0.1636,0.0272,0.0759,0.0116,0.0867,0.0157,0.117,0.0176,0.1799,0.0135,0.4405,0.0182,35,0.2381
invariant_risk_minimization_proxy,invalid_physical_shift,2,0.6007,0.0189,0.4796,0.0225,0.3888,0.0216,0.3884,0.0133,0.1541,0.0266,0.0701,0.0124,0.0769,0.0147,0.119,0.0136,0.1776,0.0144,0.4361,0.0178,35,0.2024
invariant_risk_minimization_proxy,invalid_physical_shift,3,0.5864,0.0211,0.501,0.0191,0.3905,0.0207,0.3969,0.0194,0.1439,0.0227,0.0745,0.0139,0.0837,0.0185,0.1078,0.0157,0.1772,0.0161,0.4534,0.0162,35,0.2218
invariant_risk_minimization_proxy,invalid_physical_shift,4,0.5935,0.0207,0.4816,0.0178,0.3952,0.0186,0.3718,0.0202,0.1548,0.0265,0.0793,0.0139,0.0755,0.0145,0.1058,0.0115,0.1871,0.0159,0.4534,0.0148,35,0.2313
invariant_risk_minimization_proxy,invalid_physical_shift,5,0.5932,0.0221,0.4827,0.0195,0.3857,0.0201,0.3684,0.0166,0.1646,0.0287,0.0724,0.0122,0.0871,0.0175,0.1221,0.0146,0.1918,0.0118,0.4289,0.0177,35,0.2054
invariant_risk_minimization_proxy,invalid_physical_shift,6,0.601,0.0236,0.4799,0.0227,0.3874,0.0191,0.3891,0.0169,0.1616,0.0282,0.0806,0.016,0.0823,0.0176,0.1099,0.0138,0.1833,0.0136,0.419,0.0163,35,0.2048
invariant_risk_minimization_proxy,nominal,0,0.6367,0.0171,0.5201,0.0187,0.3939,0.0168,0.4129,0.016,0.1075,0.0175,0.0626,0.0127,0.0588,0.0128,0.0741,0.0094,0.1514,0.0143,0.4626,0.0195,35,0.1993
invariant_risk_minimization_proxy,nominal,1,0.6565,0.0201,0.516,0.0145,0.3718,0.0153,0.4245,0.0199,0.1105,0.0197,0.0517,0.0093,0.0537,0.011,0.0663,0.0107,0.1626,0.0135,0.4551,0.0168,35,0.1939
invariant_risk_minimization_proxy,nominal,2,0.651,0.0203,0.5024,0.0185,0.3874,0.0176,0.417,0.0175,0.1085,0.0153,0.0592,0.0109,0.0493,0.0102,0.0612,0.0104,0.1446,0.0128,0.4588,0.0182,35,0.2065
invariant_risk_minimization_proxy,nominal,3,0.6544,0.0221,0.498,0.0184,0.3816,0.0138,0.4201,0.0197,0.1058,0.0196,0.0599,0.0102,0.0531,0.0124,0.0605,0.01,0.1599,0.015,0.4755,0.0161,35,0.1878
invariant_risk_minimization_proxy,nominal,4,0.652,0.0171,0.4973,0.0176,0.3925,0.016,0.4248,0.0223,0.1139,0.0194,0.0588,0.0137,0.0629,0.0116,0.0714,0.011,0.1466,0.0124,0.4769,0.0229,35,0.1891
invariant_risk_minimization_proxy,nominal,5,0.6558,0.0167,0.5112,0.0187,0.3871,0.0186,0.4051,0.0185,0.115,0.0169,0.0592,0.0109,0.0565,0.0103,0.0646,0.0103,0.1395,0.0156,0.4769,0.0174,35,0.1857
invariant_risk_minimization_proxy,nominal,6,0.6395,0.0204,0.5082,0.0182,0.3993,0.0177,0.4214,0.0199,0.1054,0.0192,0.0609,0.0121,0.052,0.009,0.0724,0.0113,0.1517,0.0138,0.4599,0.021,35,0.2014
invariant_risk_minimization_proxy,valid_geometric_shift,0,0.5963,0.0174,0.5048,0.0181,0.3844,0.0149,0.368,0.0155,0.1156,0.0223,0.0769,0.0127,0.0694,0.0157,0.0898,0.0119,0.1704,0.0148,0.4422,0.0193,35,0.2347
invariant_risk_minimization_proxy,valid_geometric_shift,1,0.6316,0.0155,0.5041,0.0178,0.3891,0.0142,0.383,0.0184,0.1207,0.0193,0.0711,0.0116,0.0748,0.0141,0.0925,0.0133,0.1609,0.0121,0.4446,0.0146,35,0.1823
invariant_risk_minimization_proxy,valid_geometric_shift,2,0.6201,0.0183,0.5003,0.0234,0.3963,0.0185,0.3966,0.0188,0.1177,0.0167,0.0646,0.0102,0.0626,0.015,0.0929,0.0127,0.1793,0.0142,0.4571,0.0167,35,0.1895
invariant_risk_minimization_proxy,valid_geometric_shift,3,0.6024,0.0167,0.5071,0.0199,0.3776,0.0226,0.381,0.0159,0.1163,0.0169,0.0697,0.0126,0.0687,0.0134,0.0847,0.0125,0.1694,0.0153,0.4507,0.0192,35,0.2136
invariant_risk_minimization_proxy,valid_geometric_shift,4,0.6316,0.0152,0.5126,0.0176,0.3673,0.019,0.366,0.0225,0.1262,0.0211,0.0684,0.012,0.0745,0.0121,0.0878,0.0118,0.1735,0.0126,0.4412,0.0145,35,0.1789
invariant_risk_minimization_proxy,valid_geometric_shift,5,0.615,0.0212,0.4929,0.0219,0.3806,0.0164,0.4,0.0195,0.1255,0.0194,0.0701,0.0119,0.0622,0.012,0.0905,0.0114,0.1793,0.0129,0.4537,0.0156,35,0.2
invariant_risk_minimization_proxy,valid_geometric_shift,6,0.617,0.0207,0.5027,0.0235,0.3939,0.0222,0.3905,0.0228,0.1153,0.0173,0.0673,0.0151,0.0813,0.0158,0.0844,0.0119,0.1687,0.0112,0.4435,0.0158,35,0.1912
invariant_risk_minimization_proxy,valid_perceptual_shift,0,0.6286,0.0187,0.502,0.0153,0.3718,0.0201,0.3952,0.0188,0.1119,0.0185,0.0646,0.0119,0.0646,0.0127,0.0881,0.0135,0.1701,0.0123,0.4534,0.0177,35,0.1932
invariant_risk_minimization_proxy,valid_perceptual_shift,1,0.6235,0.0194,0.5061,0.0205,0.3925,0.0154,0.3867,0.0167,0.1065,0.0189,0.0626,0.0117,0.0663,0.0117,0.0799,0.0125,0.1684,0.0152,0.4476,0.0157,35,0.1939
invariant_risk_minimization_proxy,valid_perceptual_shift,2,0.6136,0.0226,0.5126,0.0206,0.3908,0.0135,0.3861,0.0186,0.1078,0.0177,0.0626,0.0094,0.0707,0.0151,0.0881,0.0113,0.1789,0.0129,0.466,0.0152,35,0.2054
invariant_risk_minimization_proxy,valid_perceptual_shift,3,0.6364,0.0193,0.5041,0.0181,0.3827,0.0182,0.3939,0.0185,0.1017,0.019,0.0639,0.0095,0.0609,0.0133,0.0901,0.0117,0.1735,0.0135,0.448,0.0178,35,0.1922
invariant_risk_minimization_proxy,valid_perceptual_shift,4,0.6105,0.0148,0.4816,0.0218,0.3969,0.0198,0.3929,0.017,0.1187,0.017,0.0595,0.0118,0.0595,0.0114,0.0901,0.0128,0.1721,0.0151,0.4497,0.0188,35,0.2095
invariant_risk_minimization_proxy,valid_perceptual_shift,5,0.618,0.0191,0.5,0.019,0.3864,0.019,0.3813,0.015,0.115,0.0195,0.0646,0.0121,0.0622,0.0127,0.0867,0.0102,0.1609,0.0117,0.452,0.017,35,0.1997
invariant_risk_minimization_proxy,valid_perceptual_shift,6,0.6241,0.0203,0.4952,0.0217,0.3912,0.0181,0.3969,0.0217,0.1112,0.0178,0.0643,0.0118,0.0585,0.0105,0.0915,0.0091,0.1752,0.0128,0.4493,0.0214,35,0.1932
no_invariance_behavior_clone,combined_invariance_stress,0,0.5384,0.0173,0.2541,0.0175,0.4272,0.0145,0.3082,0.0154,0.148,0.0246,0.0782,0.0132,0.0724,0.0126,0.1313,0.0171,0.1935,0.0155,0.2663,0.0178,35,0.2551
no_invariance_behavior_clone,combined_invariance_stress,1,0.5405,0.0245,0.2609,0.0197,0.4439,0.0194,0.3204,0.0167,0.1497,0.0237,0.0803,0.0155,0.0813,0.0146,0.1279,0.0179,0.1755,0.0124,0.2646,0.0149,35,0.2537
no_invariance_behavior_clone,combined_invariance_stress,2,0.5139,0.0206,0.2609,0.0188,0.4306,0.019,0.3139,0.0166,0.1459,0.0229,0.084,0.0157,0.083,0.0147,0.1429,0.0177,0.1762,0.0109,0.2874,0.0194,35,0.2755
no_invariance_behavior_clone,combined_invariance_stress,3,0.5252,0.0224,0.25,0.021,0.4265,0.0205,0.3061,0.0172,0.1391,0.021,0.0973,0.0162,0.0827,0.0148,0.119,0.0165,0.1871,0.0166,0.2741,0.0153,35,0.2755
no_invariance_behavior_clone,combined_invariance_stress,4,0.5299,0.0186,0.2476,0.014,0.4323,0.0166,0.3282,0.0137,0.149,0.022,0.0861,0.0149,0.0799,0.0147,0.1245,0.0152,0.1827,0.0147,0.2786,0.0157,35,0.2449
no_invariance_behavior_clone,combined_invariance_stress,5,0.5245,0.0259,0.2517,0.0175,0.4364,0.0209,0.3293,0.0184,0.1514,0.0217,0.0932,0.0174,0.0837,0.0153,0.1293,0.0177,0.1796,0.0133,0.2769,0.017,35,0.2622
no_invariance_behavior_clone,combined_invariance_stress,6,0.5272,0.0188,0.2493,0.0169,0.4371,0.0213,0.3262,0.0177,0.1463,0.026,0.0881,0.0158,0.0857,0.0182,0.1367,0.0168,0.1759,0.0114,0.2803,0.017,35,0.2561
no_invariance_behavior_clone,invalid_physical_shift,0,0.5303,0.0181,0.265,0.0173,0.4432,0.0217,0.3262,0.0162,0.15,0.0271,0.0796,0.016,0.0823,0.0143,0.1187,0.018,0.1714,0.0147,0.2833,0.0153,35,0.2755
no_invariance_behavior_clone,invalid_physical_shift,1,0.5408,0.0188,0.2619,0.0151,0.4548,0.0185,0.3303,0.0164,0.1418,0.0209,0.0861,0.0122,0.0762,0.0156,0.1252,0.0146,0.168,0.0148,0.2895,0.0179,35,0.2759
no_invariance_behavior_clone,invalid_physical_shift,2,0.5456,0.0196,0.2629,0.0161,0.4384,0.0174,0.331,0.0153,0.1503,0.028,0.0776,0.0147,0.0704,0.0124,0.1211,0.0142,0.167,0.0127,0.2738,0.0161,35,0.2575
no_invariance_behavior_clone,invalid_physical_shift,3,0.5442,0.0197,0.2687,0.0141,0.4463,0.0182,0.3276,0.014,0.1486,0.0229,0.0918,0.0151,0.0895,0.0166,0.1184,0.0172,0.1816,0.0148,0.2721,0.0152,35,0.2639
no_invariance_behavior_clone,invalid_physical_shift,4,0.5378,0.0207,0.2629,0.0158,0.4408,0.0201,0.3207,0.0194,0.151,0.0273,0.0776,0.0147,0.0857,0.0163,0.1211,0.019,0.1718,0.0116,0.2776,0.018,35,0.2871
no_invariance_behavior_clone,invalid_physical_shift,5,0.5374,0.0226,0.2463,0.0187,0.4408,0.0207,0.3269,0.0152,0.1446,0.0285,0.0772,0.0142,0.0721,0.0127,0.1272,0.0137,0.1687,0.0111,0.2959,0.0143,35,0.2612
no_invariance_behavior_clone,invalid_physical_shift,6,0.5384,0.0213,0.2503,0.0202,0.4347,0.0145,0.3361,0.0184,0.1548,0.0247,0.084,0.0167,0.0793,0.0152,0.1136,0.0165,0.1769,0.0121,0.2724,0.0139,35,0.2673
no_invariance_behavior_clone,nominal,0,0.5959,0.0147,0.2721,0.0177,0.451,0.0178,0.3738,0.0213,0.1024,0.0159,0.068,0.0112,0.0643,0.0106,0.0762,0.0136,0.1435,0.0135,0.3034,0.0186,35,0.2401
no_invariance_behavior_clone,nominal,1,0.5881,0.0171,0.2823,0.0178,0.4497,0.0171,0.3728,0.0159,0.1088,0.0187,0.0701,0.0128,0.0551,0.012,0.0735,0.0123,0.131,0.0119,0.2912,0.0203,35,0.2622
no_invariance_behavior_clone,nominal,2,0.6,0.0158,0.2772,0.0183,0.4422,0.0175,0.3711,0.0168,0.102,0.0171,0.0588,0.0109,0.0578,0.0113,0.068,0.0097,0.1435,0.0155,0.2922,0.0167,35,0.2575
no_invariance_behavior_clone,nominal,3,0.5993,0.0197,0.2782,0.0193,0.4565,0.0174,0.368,0.0189,0.1061,0.0163,0.0752,0.0137,0.0599,0.0121,0.0656,0.0128,0.1459,0.0134,0.3024,0.0165,35,0.2429
no_invariance_behavior_clone,nominal,4,0.6003,0.0199,0.2874,0.0186,0.4333,0.0194,0.3684,0.0169,0.0993,0.017,0.0656,0.0104,0.0554,0.012,0.0653,0.0092,0.1422,0.0135,0.2986,0.0169,35,0.2408
no_invariance_behavior_clone,nominal,5,0.5827,0.0199,0.2782,0.0175,0.4401,0.0241,0.3762,0.0175,0.1017,0.0146,0.0602,0.0108,0.0527,0.0109,0.0765,0.0138,0.1405,0.0117,0.2912,0.016,35,0.2588
no_invariance_behavior_clone,nominal,6,0.5908,0.0164,0.282,0.0145,0.4347,0.0208,0.3459,0.0192,0.099,0.0145,0.0619,0.0104,0.0571,0.0101,0.065,0.0123,0.1439,0.0122,0.3054,0.0237,35,0.25
no_invariance_behavior_clone,valid_geometric_shift,0,0.5531,0.0214,0.2803,0.0149,0.4286,0.0207,0.3554,0.0187,0.1088,0.0158,0.0667,0.0127,0.0639,0.0115,0.1041,0.0116,0.1633,0.0153,0.2881,0.019,35,0.2779
no_invariance_behavior_clone,valid_geometric_shift,1,0.5701,0.0154,0.2619,0.0152,0.4282,0.0174,0.3486,0.0172,0.101,0.0141,0.0724,0.0123,0.0636,0.0125,0.0881,0.0107,0.1711,0.0141,0.2895,0.0151,35,0.2439
no_invariance_behavior_clone,valid_geometric_shift,2,0.5721,0.0187,0.2745,0.0164,0.4289,0.0217,0.3371,0.0173,0.1262,0.0189,0.0762,0.0124,0.0701,0.0119,0.0779,0.0108,0.1609,0.016,0.2884,0.0185,35,0.2374
no_invariance_behavior_clone,valid_geometric_shift,3,0.5704,0.0177,0.269,0.0153,0.419,0.0203,0.3357,0.0177,0.1116,0.0175,0.067,0.0114,0.0619,0.0107,0.0929,0.0119,0.1646,0.0139,0.2759,0.0138,35,0.2456
no_invariance_behavior_clone,valid_geometric_shift,4,0.5622,0.0199,0.2578,0.0124,0.4204,0.0191,0.3565,0.0198,0.1071,0.0176,0.0724,0.014,0.0728,0.0122,0.0973,0.0141,0.1636,0.012,0.2922,0.0183,35,0.2483
no_invariance_behavior_clone,valid_geometric_shift,5,0.5694,0.0187,0.2707,0.0183,0.4313,0.017,0.3459,0.0176,0.1037,0.0166,0.0772,0.0136,0.0646,0.0119,0.1014,0.0136,0.1731,0.014,0.2738,0.0166,35,0.2456
no_invariance_behavior_clone,valid_geometric_shift,6,0.5544,0.0149,0.269,0.02,0.4313,0.0215,0.3367,0.0167,0.1119,0.0201,0.069,0.0118,0.0663,0.0128,0.1014,0.0102,0.1629,0.012,0.2969,0.0161,35,0.2537
no_invariance_behavior_clone,valid_perceptual_shift,0,0.5745,0.0165,0.2772,0.0185,0.4374,0.0156,0.3272,0.0176,0.1146,0.0169,0.0697,0.0107,0.0769,0.0152,0.0891,0.0124,0.1639,0.0123,0.2718,0.0158,35,0.2473
no_invariance_behavior_clone,valid_perceptual_shift,1,0.5741,0.02,0.2745,0.0145,0.434,0.0166,0.3296,0.0171,0.1146,0.018,0.0697,0.0116,0.0656,0.0134,0.0806,0.014,0.169,0.014,0.2966,0.0176,35,0.2432
no_invariance_behavior_clone,valid_perceptual_shift,2,0.5844,0.0184,0.2782,0.0147,0.4187,0.0207,0.3483,0.0197,0.1102,0.0193,0.0711,0.0132,0.0653,0.0138,0.0864,0.0101,0.1616,0.0124,0.2925,0.0173,35,0.2347
no_invariance_behavior_clone,valid_perceptual_shift,3,0.5738,0.0177,0.2687,0.0199,0.4272,0.0172,0.3439,0.0155,0.1,0.0161,0.0673,0.0117,0.0643,0.011,0.081,0.01,0.1673,0.0119,0.2905,0.0164,35,0.2548
no_invariance_behavior_clone,valid_perceptual_shift,4,0.5793,0.0191,0.2759,0.0149,0.4204,0.0187,0.3272,0.0167,0.1133,0.0179,0.066,0.0116,0.0646,0.0115,0.0823,0.0099,0.1558,0.0142,0.2874,0.0194,35,0.2408
no_invariance_behavior_clone,valid_perceptual_shift,5,0.5786,0.0223,0.267,0.0182,0.4265,0.0238,0.3378,0.0141,0.1105,0.0182,0.0656,0.0101,0.0701,0.0146,0.0823,0.0118,0.1561,0.0136,0.2952,0.0183,35,0.2391
no_invariance_behavior_clone,valid_perceptual_shift,6,0.5633,0.0208,0.2833,0.0179,0.431,0.0235,0.3612,0.0123,0.1024,0.0168,0.0643,0.0129,0.0663,0.0126,0.0963,0.0134,0.1595,0.0126,0.2759,0.0183,35,0.2541
oracle_invariance_validity_supervisor,combined_invariance_stress,0,0.7935,0.0152,0.6959,0.0152,0.719,0.0183,0.5616,0.0154,0.0347,0.0062,0.0201,0.0065,0.0116,0.0044,0.0571,0.0078,0.2272,0.0178,0.5711,0.0206,35,0.0
oracle_invariance_validity_supervisor,combined_invariance_stress,1,0.7942,0.0147,0.6925,0.0182,0.719,0.0165,0.5582,0.0151,0.0327,0.0074,0.0228,0.0058,0.0088,0.0041,0.0616,0.0101,0.2303,0.0207,0.5748,0.0177,35,0.0
oracle_invariance_validity_supervisor,combined_invariance_stress,2,0.7895,0.0124,0.685,0.0183,0.7364,0.0164,0.5378,0.0183,0.0388,0.0068,0.0214,0.0076,0.0065,0.004,0.0616,0.0111,0.2272,0.0148,0.567,0.0198,35,0.0
oracle_invariance_validity_supervisor,combined_invariance_stress,3,0.8007,0.0152,0.6997,0.0189,0.7201,0.0173,0.5469,0.0167,0.0395,0.0083,0.0204,0.0049,0.0092,0.0032,0.0633,0.0092,0.2272,0.0152,0.5673,0.0188,35,0.0
oracle_invariance_validity_supervisor,combined_invariance_stress,4,0.7748,0.0136,0.6959,0.0217,0.7276,0.0137,0.55,0.0224,0.0401,0.0085,0.0177,0.0048,0.0092,0.004,0.0592,0.0085,0.2197,0.0163,0.5721,0.0182,35,0.0
oracle_invariance_validity_supervisor,combined_invariance_stress,5,0.7867,0.0161,0.6983,0.0187,0.7167,0.0164,0.5497,0.0158,0.0344,0.0078,0.0153,0.0059,0.0109,0.0045,0.0595,0.0083,0.2286,0.0163,0.5599,0.0206,35,0.0
oracle_invariance_validity_supervisor,combined_invariance_stress,6,0.7833,0.0174,0.7034,0.0184,0.7272,0.0156,0.552,0.0155,0.0408,0.0078,0.0146,0.0048,0.0099,0.0057,0.0622,0.007,0.2248,0.0163,0.5721,0.0186,35,0.0
oracle_invariance_validity_supervisor,invalid_physical_shift,0,0.8058,0.0133,0.6966,0.0183,0.7344,0.0167,0.5592,0.0178,0.0384,0.0057,0.0187,0.0059,0.0129,0.0043,0.0395,0.0078,0.2276,0.0155,0.5765,0.0198,35,0.0
oracle_invariance_validity_supervisor,invalid_physical_shift,1,0.8167,0.0153,0.7034,0.0186,0.7272,0.0148,0.5599,0.0237,0.0384,0.0082,0.0167,0.004,0.0075,0.0042,0.0497,0.0093,0.2133,0.0143,0.582,0.0193,35,0.0
oracle_invariance_validity_supervisor,invalid_physical_shift,2,0.8031,0.0146,0.7102,0.0144,0.7255,0.0134,0.5551,0.0164,0.0408,0.0088,0.0187,0.0061,0.0082,0.0039,0.0527,0.0072,0.2054,0.0143,0.5687,0.0183,35,0.0
oracle_invariance_validity_supervisor,invalid_physical_shift,3,0.8082,0.0147,0.7177,0.0154,0.7469,0.016,0.5684,0.0159,0.0429,0.0067,0.016,0.0054,0.0109,0.0052,0.0452,0.0082,0.2136,0.0157,0.6041,0.0171,35,0.0
oracle_invariance_validity_supervisor,invalid_physical_shift,4,0.8248,0.0154,0.6963,0.0183,0.732,0.0186,0.5578,0.0209,0.0388,0.0106,0.0221,0.0061,0.0116,0.0049,0.0524,0.0063,0.2126,0.0169,0.5728,0.0159,35,0.0
oracle_invariance_validity_supervisor,invalid_physical_shift,5,0.7986,0.0136,0.7058,0.016,0.7313,0.0166,0.5667,0.0182,0.0354,0.0083,0.0173,0.0041,0.0105,0.0049,0.0415,0.0081,0.2054,0.014,0.5827,0.0152,35,0.0
oracle_invariance_validity_supervisor,invalid_physical_shift,6,0.8058,0.0135,0.701,0.0154,0.7197,0.0151,0.566,0.0163,0.0367,0.0078,0.0218,0.0056,0.0051,0.0029,0.0527,0.0094,0.2122,0.0114,0.5796,0.0199,35,0.0
oracle_invariance_validity_supervisor,nominal,0,0.8361,0.0127,0.7167,0.0141,0.732,0.0158,0.599,0.021,0.032,0.0072,0.0163,0.0046,0.0044,0.0024,0.016,0.0052,0.1844,0.0138,0.6031,0.0169,35,0.0
oracle_invariance_validity_supervisor,nominal,1,0.8503,0.0152,0.7306,0.0159,0.7398,0.0161,0.6129,0.0163,0.0323,0.0077,0.0204,0.0061,0.0037,0.0044,0.0211,0.0057,0.1946,0.0125,0.5823,0.017,35,0.0
oracle_invariance_validity_supervisor,nominal,2,0.8575,0.0115,0.7122,0.0157,0.7173,0.017,0.599,0.0166,0.0276,0.0067,0.0139,0.0034,0.0058,0.0036,0.0259,0.006,0.1786,0.0167,0.6017,0.0186,35,0.0
oracle_invariance_validity_supervisor,nominal,3,0.8422,0.0139,0.7224,0.0121,0.7364,0.0136,0.6037,0.0152,0.0303,0.0068,0.0167,0.005,0.0075,0.0037,0.0221,0.0052,0.1891,0.0151,0.5925,0.0186,35,0.0
oracle_invariance_validity_supervisor,nominal,4,0.8412,0.0124,0.7337,0.0198,0.7224,0.0194,0.5963,0.0194,0.0364,0.0075,0.0146,0.0059,0.0058,0.0032,0.018,0.0058,0.1908,0.0146,0.581,0.016,35,0.0
oracle_invariance_validity_supervisor,nominal,5,0.8415,0.0145,0.7272,0.02,0.7306,0.0163,0.6044,0.0201,0.0299,0.0067,0.0143,0.005,0.0051,0.0024,0.019,0.0052,0.1755,0.0104,0.6044,0.0196,35,0.0
oracle_invariance_validity_supervisor,nominal,6,0.8408,0.015,0.7241,0.0154,0.7388,0.0171,0.5963,0.0154,0.0272,0.0061,0.0156,0.0047,0.0027,0.0029,0.0207,0.006,0.1973,0.012,0.6109,0.0175,35,0.0
oracle_invariance_validity_supervisor,valid_geometric_shift,0,0.831,0.0105,0.7088,0.0158,0.7296,0.0173,0.5755,0.0173,0.033,0.0083,0.017,0.0054,0.0041,0.0029,0.0364,0.0075,0.202,0.0132,0.5874,0.0169,35,0.0
oracle_invariance_validity_supervisor,valid_geometric_shift,1,0.8139,0.0129,0.7173,0.0145,0.7371,0.01,0.5796,0.0206,0.0299,0.0071,0.0163,0.0046,0.0054,0.0034,0.0425,0.0075,0.2153,0.0152,0.5779,0.0165,35,0.0
oracle_invariance_validity_supervisor,valid_geometric_shift,2,0.8095,0.0138,0.7099,0.0194,0.7259,0.0192,0.5684,0.0196,0.035,0.0057,0.0167,0.0049,0.0058,0.0031,0.051,0.0087,0.2167,0.0168,0.582,0.0148,35,0.0
oracle_invariance_validity_supervisor,valid_geometric_shift,3,0.816,0.0165,0.7058,0.0159,0.7241,0.0191,0.5721,0.0187,0.035,0.0071,0.0126,0.0051,0.0075,0.0046,0.0401,0.0081,0.2041,0.0127,0.5799,0.0192,35,0.0
oracle_invariance_validity_supervisor,valid_geometric_shift,4,0.8105,0.0157,0.7177,0.0186,0.7177,0.0144,0.566,0.0186,0.0306,0.0064,0.0197,0.0052,0.0068,0.0036,0.0418,0.008,0.217,0.0154,0.5741,0.0198,35,0.0
oracle_invariance_validity_supervisor,valid_geometric_shift,5,0.815,0.011,0.7014,0.0164,0.748,0.0157,0.5765,0.0177,0.032,0.0049,0.0187,0.0047,0.0071,0.0041,0.0429,0.0075,0.2211,0.0134,0.565,0.0181,35,0.0
oracle_invariance_validity_supervisor,valid_geometric_shift,6,0.8082,0.0165,0.716,0.0166,0.7364,0.0185,0.5602,0.0172,0.0241,0.0069,0.0184,0.0062,0.0075,0.0051,0.0378,0.0069,0.1888,0.0127,0.5622,0.0209,35,0.0
oracle_invariance_validity_supervisor,valid_perceptual_shift,0,0.8218,0.014,0.719,0.0162,0.7194,0.0181,0.5803,0.0181,0.0327,0.0062,0.0167,0.005,0.0088,0.0042,0.0405,0.0079,0.2109,0.0164,0.5735,0.0192,35,0.0
oracle_invariance_validity_supervisor,valid_perceptual_shift,1,0.8173,0.0112,0.7184,0.0195,0.7187,0.0189,0.5643,0.0183,0.0337,0.0069,0.0153,0.004,0.0037,0.0025,0.0357,0.007,0.2065,0.0131,0.5884,0.0182,35,0.0
oracle_invariance_validity_supervisor,valid_perceptual_shift,2,0.819,0.0149,0.7184,0.0179,0.7272,0.0143,0.5718,0.0156,0.0299,0.007,0.015,0.0045,0.0058,0.0045,0.0473,0.0076,0.2201,0.013,0.5844,0.0176,35,0.0
oracle_invariance_validity_supervisor,valid_perceptual_shift,3,0.8286,0.0116,0.7102,0.0147,0.7354,0.0189,0.5667,0.0181,0.0303,0.0058,0.015,0.0043,0.0068,0.0029,0.0361,0.0074,0.1952,0.0149,0.5765,0.0177,35,0.0
oracle_invariance_validity_supervisor,valid_perceptual_shift,4,0.8201,0.0161,0.7075,0.0173,0.7088,0.0121,0.5782,0.0186,0.0282,0.0059,0.0211,0.0071,0.0051,0.0032,0.0347,0.0071,0.2014,0.0133,0.5816,0.0182,35,0.0
oracle_invariance_validity_supervisor,valid_perceptual_shift,5,0.8177,0.015,0.7105,0.0174,0.7255,0.0146,0.5752,0.0132,0.0333,0.0084,0.0116,0.0039,0.0078,0.0043,0.0378,0.0064,0.2126,0.0183,0.5806,0.0157,35,0.0
oracle_invariance_validity_supervisor,valid_perceptual_shift,6,0.8173,0.0143,0.732,0.015,0.7163,0.0179,0.567,0.0176,0.0265,0.0057,0.0116,0.0036,0.0051,0.0031,0.0378,0.008,0.2027,0.0139,0.5816,0.0181,35,0.0
proposed_physical_invariance_audit,combined_invariance_stress,0,0.6901,0.0182,0.5847,0.0181,0.6289,0.0137,0.4786,0.0137,0.0731,0.0131,0.0483,0.0082,0.0398,0.0131,0.0837,0.0105,0.2313,0.013,0.4915,0.022,35,0.1034
proposed_physical_invariance_audit,combined_invariance_stress,1,0.6806,0.019,0.5881,0.0149,0.6337,0.0186,0.4578,0.0251,0.0762,0.0135,0.0442,0.0097,0.0381,0.0097,0.0701,0.0087,0.2156,0.0134,0.4949,0.0176,35,0.1136
proposed_physical_invariance_audit,combined_invariance_stress,2,0.6949,0.0162,0.5871,0.0227,0.615,0.0193,0.4956,0.0181,0.0793,0.013,0.0486,0.0082,0.033,0.0075,0.0789,0.0098,0.2099,0.0143,0.4912,0.0145,35,0.0946
proposed_physical_invariance_audit,combined_invariance_stress,3,0.6636,0.019,0.5922,0.0197,0.6221,0.0223,0.4507,0.0152,0.083,0.0124,0.0429,0.0092,0.0367,0.0095,0.0823,0.0113,0.2316,0.0141,0.485,0.0179,35,0.1371
proposed_physical_invariance_audit,combined_invariance_stress,4,0.6908,0.0222,0.5864,0.0186,0.6054,0.0188,0.481,0.018,0.0707,0.0121,0.0449,0.0112,0.0425,0.0108,0.0755,0.0097,0.2187,0.0146,0.4925,0.0168,35,0.084
proposed_physical_invariance_audit,combined_invariance_stress,5,0.6874,0.0216,0.5854,0.0197,0.6163,0.0219,0.4912,0.0177,0.0704,0.0139,0.0374,0.009,0.0374,0.0086,0.0898,0.0105,0.2031,0.0147,0.4939,0.0187,35,0.0993
proposed_physical_invariance_audit,combined_invariance_stress,6,0.6857,0.0217,0.5905,0.0235,0.6129,0.0183,0.4707,0.0165,0.0765,0.0151,0.0401,0.0083,0.0476,0.0102,0.083,0.0117,0.2269,0.0134,0.4922,0.0193,35,0.0976
proposed_physical_invariance_audit,invalid_physical_shift,0,0.7102,0.0171,0.6044,0.0155,0.6347,0.0163,0.4915,0.017,0.0684,0.0115,0.0357,0.0102,0.0367,0.0113,0.0619,0.0107,0.2099,0.0151,0.5051,0.0158,35,0.0956
proposed_physical_invariance_audit,invalid_physical_shift,1,0.6922,0.018,0.5939,0.0185,0.6486,0.0194,0.485,0.0213,0.0721,0.0145,0.0463,0.0091,0.0357,0.0093,0.0663,0.0095,0.2054,0.0151,0.5031,0.019,35,0.1245
proposed_physical_invariance_audit,invalid_physical_shift,2,0.6946,0.0201,0.5762,0.0158,0.632,0.0166,0.483,0.0212,0.0697,0.0144,0.0412,0.0067,0.031,0.0077,0.0684,0.0092,0.2116,0.0133,0.5075,0.0189,35,0.1085
proposed_physical_invariance_audit,invalid_physical_shift,3,0.6942,0.0216,0.5915,0.0191,0.6221,0.0159,0.4847,0.0155,0.0844,0.0137,0.0425,0.0102,0.0367,0.0091,0.0667,0.0099,0.2041,0.015,0.4806,0.0203,35,0.1139
proposed_physical_invariance_audit,invalid_physical_shift,4,0.7082,0.0184,0.5738,0.0163,0.6143,0.0228,0.4827,0.0216,0.0646,0.011,0.0452,0.0102,0.0408,0.0098,0.0833,0.013,0.2082,0.0136,0.5099,0.0192,35,0.1167
proposed_physical_invariance_audit,invalid_physical_shift,5,0.6956,0.0168,0.599,0.0187,0.6245,0.0183,0.4918,0.0202,0.0823,0.0139,0.0466,0.0058,0.0313,0.0077,0.0707,0.0099,0.2051,0.0144,0.5143,0.017,35,0.1031
proposed_physical_invariance_audit,invalid_physical_shift,6,0.7112,0.0153,0.5881,0.0171,0.6187,0.0195,0.4895,0.0221,0.0789,0.0141,0.0388,0.0083,0.0401,0.0096,0.0724,0.0128,0.2109,0.0133,0.4898,0.0182,35,0.0946
proposed_physical_invariance_audit,nominal,0,0.7551,0.017,0.6017,0.0173,0.6252,0.0198,0.5344,0.0211,0.0592,0.0131,0.0415,0.0085,0.0231,0.0068,0.034,0.0066,0.1854,0.0141,0.5099,0.0186,35,0.081
proposed_physical_invariance_audit,nominal,1,0.7347,0.0192,0.6201,0.0173,0.6167,0.0174,0.533,0.0182,0.0575,0.0104,0.0276,0.006,0.0245,0.0068,0.0347,0.0085,0.1735,0.0138,0.5364,0.0194,35,0.1156
proposed_physical_invariance_audit,nominal,2,0.7442,0.019,0.6167,0.0166,0.6293,0.0188,0.5323,0.0196,0.0616,0.0109,0.0289,0.0062,0.0272,0.0074,0.0408,0.0081,0.1765,0.0127,0.5323,0.017,35,0.1133
proposed_physical_invariance_audit,nominal,3,0.7398,0.0126,0.5993,0.0152,0.6245,0.0215,0.5241,0.023,0.0568,0.0109,0.0327,0.0076,0.0252,0.0068,0.0391,0.0068,0.1847,0.0175,0.5163,0.0221,35,0.1024
proposed_physical_invariance_audit,nominal,4,0.7357,0.0168,0.6224,0.0213,0.6153,0.0181,0.534,0.0197,0.0503,0.0087,0.0313,0.0063,0.0194,0.0061,0.033,0.0066,0.1878,0.017,0.5286,0.0155,35,0.1054
proposed_physical_invariance_audit,nominal,5,0.7429,0.0184,0.6238,0.0223,0.6395,0.0234,0.5361,0.0141,0.0605,0.0096,0.0303,0.0071,0.0211,0.0057,0.0439,0.0088,0.1857,0.0162,0.5187,0.0179,35,0.0986
proposed_physical_invariance_audit,nominal,6,0.7388,0.0143,0.618,0.0201,0.6483,0.0188,0.5265,0.0192,0.0541,0.0108,0.0299,0.0064,0.0245,0.0062,0.0388,0.0081,0.1728,0.0163,0.5401,0.0192,35,0.102
proposed_physical_invariance_audit,valid_geometric_shift,0,0.7031,0.0166,0.5939,0.0187,0.6252,0.0193,0.4986,0.0144,0.0595,0.0099,0.0384,0.0099,0.032,0.0084,0.0605,0.0076,0.2048,0.0169,0.5255,0.0152,35,0.1279
proposed_physical_invariance_audit,valid_geometric_shift,1,0.7085,0.0183,0.5929,0.0209,0.6293,0.0167,0.4986,0.0185,0.0585,0.0112,0.0333,0.01,0.034,0.0099,0.0517,0.0089,0.2034,0.0131,0.5139,0.0202,35,0.1054
proposed_physical_invariance_audit,valid_geometric_shift,2,0.7095,0.0145,0.5997,0.0158,0.6228,0.0156,0.4976,0.0205,0.0582,0.0107,0.0357,0.0062,0.032,0.008,0.0602,0.0093,0.2048,0.0135,0.5173,0.02,35,0.1
proposed_physical_invariance_audit,valid_geometric_shift,3,0.7197,0.0202,0.5949,0.017,0.6231,0.0181,0.4986,0.016,0.0585,0.0094,0.0337,0.0067,0.0279,0.0087,0.049,0.0075,0.2054,0.0146,0.5184,0.0145,35,0.0963
proposed_physical_invariance_audit,valid_geometric_shift,4,0.7017,0.0157,0.6041,0.0149,0.6201,0.0175,0.4952,0.0184,0.0595,0.0078,0.0405,0.0092,0.0255,0.0075,0.0619,0.007,0.1929,0.0125,0.5136,0.0176,35,0.1088
proposed_physical_invariance_audit,valid_geometric_shift,5,0.7034,0.0166,0.5912,0.0198,0.6248,0.0161,0.5027,0.0191,0.0646,0.0096,0.0367,0.007,0.0286,0.0072,0.0599,0.0083,0.2058,0.0183,0.5044,0.0179,35,0.1116
proposed_physical_invariance_audit,valid_geometric_shift,6,0.7112,0.0156,0.6037,0.0164,0.6221,0.0172,0.4854,0.0187,0.0605,0.0099,0.0371,0.0079,0.033,0.008,0.0616,0.0101,0.2071,0.0145,0.5245,0.0136,35,0.0969
proposed_physical_invariance_audit,valid_perceptual_shift,0,0.7126,0.0193,0.5963,0.0184,0.6337,0.0171,0.515,0.0166,0.0527,0.011,0.0303,0.0087,0.0282,0.0087,0.0537,0.0081,0.1912,0.0146,0.5054,0.0195,35,0.1092
proposed_physical_invariance_audit,valid_perceptual_shift,1,0.7078,0.0208,0.6224,0.0169,0.6129,0.0182,0.4918,0.0187,0.0476,0.0099,0.0306,0.0069,0.0238,0.0076,0.0476,0.0058,0.199,0.0164,0.4901,0.0177,35,0.1095
proposed_physical_invariance_audit,valid_perceptual_shift,2,0.7027,0.0174,0.618,0.02,0.6075,0.0185,0.518,0.017,0.0575,0.0092,0.0367,0.0065,0.0272,0.0082,0.0548,0.0082,0.219,0.0144,0.5109,0.0163,35,0.1163
proposed_physical_invariance_audit,valid_perceptual_shift,3,0.7173,0.0156,0.6,0.0201,0.6078,0.0135,0.4867,0.0132,0.0565,0.009,0.0327,0.0067,0.0282,0.0071,0.0537,0.0095,0.2058,0.0132,0.5027,0.0191,35,0.1112
proposed_physical_invariance_audit,valid_perceptual_shift,4,0.7139,0.0185,0.6024,0.0188,0.6129,0.0207,0.4935,0.0192,0.0558,0.0102,0.0388,0.0082,0.0255,0.0087,0.0541,0.0082,0.198,0.0138,0.5044,0.0176,35,0.1061
proposed_physical_invariance_audit,valid_perceptual_shift,5,0.7194,0.0173,0.6041,0.018,0.6282,0.0171,0.498,0.0146,0.0517,0.0099,0.0371,0.009,0.0323,0.0092,0.0497,0.0082,0.2,0.0139,0.5231,0.0201,35,0.0983
proposed_physical_invariance_audit,valid_perceptual_shift,6,0.7133,0.0151,0.6,0.0204,0.6122,0.0195,0.5027,0.0176,0.0616,0.0113,0.0374,0.0071,0.033,0.009,0.0486,0.0072,0.1983,0.0152,0.5014,0.0187,35,0.1041
